name;source;type;minOccurs;maxOccurs;elementURI;classURI;documentation;;
Dataset;/;ComplexType;1;1;http://purl.org/pliniancore/terms/Dataset;null;Root element from which all other elements will branch from;;
Metadata;Dataset;MetadataType;1;1;http://purl.org/pliniancore/terms/Metadata;http://purl.org/pliniancore/terms/MetadataClass;Information about the collections of records. This is an Extension of abcd: ContentMetadata.;;
TaxonRecord;Dataset;ComplexType;1;unbounded;http://purl.org/pliniancore/terms/TaxonRecord;null;Information about the record.;;
RecordMetadata;Dataset:TaxonRecord;ComplexType;1;1;http://purl.org/pliniancore/terms/RecordMetadata;null;NULL;;
Language;Dataset:TaxonRecord:RecordMetadata;NormalString;0;1;http://purl.org/pliniancore/terms/RecordMetadata/Language;http://purl.org/pliniancore/terms/NormalString;The language of the taxon record, according to ISO 639.;;
TargetAudiences;Dataset:TaxonRecord:RecordMetadata;ComplexType;0;1;http://purl.org/pliniancore/terms/RecordMetadata/TargetAudiences;null;Users to which the information is addressed. The defined audiences are: Biodiversity researchers, teachers and students, decision makers, professionals from another areas and general public.;;
Audience;Dataset:TaxonRecord:RecordMetadata:TargetAudiences;NormalString;1;unbounded;http://purl.org/pliniancore/terms/RecordMetadata/Audience;http://purl.org/pliniancore/terms/NormalString;Repetitive concept where the target audiences are written one by one. (Predetermined list:      01. Expert (High).       02. Knowledgeable (Medium).       03. General (Low));;
AudiencesUnstructured;Dataset:TaxonRecord:RecordMetadata:TargetAudiences;NormalString;0;1;http://purl.org/pliniancore/terms/RecordMetadata/AudiencesUnstructured;http://purl.org/pliniancore/terms/NormalString;List audience codes separated by means of comma or /.;;
Version;Dataset:TaxonRecord:RecordMetadata;VersionType;0;1;http://purl.org/pliniancore/terms/RecordMetadata/Versions;http://purl.org/pliniancore/terms/VersionClass;Number and date of the current version.;;
Major;Dataset:TaxonRecord:RecordMetadata:Version;NormalString;1;1;http://purl.org/pliniancore/terms/Version/Major;http://purl.org/pliniancore/terms/NormalString;The major version number ('1' in 1.2) as defined by the content creators.;;
Minor;Dataset:TaxonRecord:RecordMetadata:Version;NormalString;0;1;http://purl.org/pliniancore/terms/Version/Minor;http://purl.org/pliniancore/terms/NormalString;An optional minor version number ('2' in 1.2);;
Modifier;Dataset:TaxonRecord:RecordMetadata:Version;NormalString;0;1;http://purl.org/pliniancore/terms/Version/Modifier;http://purl.org/pliniancore/terms/NormalString;Unconstrained text specifying status + optional number, e. g., 'beta', 'alpha', 'rc/release candidate', 'internal'. If missing, release status is assumed.;;
DateIssued;Dataset:TaxonRecord:RecordMetadata:Version;NormalString;0;1;http://purl.org/pliniancore/terms/Version/DateIssued;http://purl.org/pliniancore/terms/NormalString;Source for Dublin-Core standard element Date.Issued: Citable 'publication date' of the current version (comp. RevisionData/DateCreated and DateModified for version- independent dates). This date should be missing if the current version is not yet published!;;
PreferredFlag;Dataset:TaxonRecord:RecordMetadata:Version;NormalString;0;1;http://purl.org/pliniancore/terms/Version/PreferredFlag;http://purl.org/pliniancore/terms/NormalString;TRUE to indicate currente version when providers serve more than one record per taxon.;;
Revision;Dataset:TaxonRecord:RecordMetadata;RevisionType;1;1;http://purl.org/pliniancore/terms/RecordMetadata/Revision;http://purl.org/pliniancore/terms/RevisionClass;Creators, revision status and dates of the entire data collection.;;
associatedParty;Dataset:TaxonRecord:RecordMetadata:Revision;eml:AgentWithRoleType;0;1;http://knb.ecoinformatics.org/software/eml/eml-2.1.1/eml-resource.html#associatedParty;http://knb.ecoinformatics.org/software/eml/eml-2.1.1/eml-party.html#ResponsibleParty;"The 'associatedParty' element provides the full name of other people, organizations, or positions who should be associated with the resource. These parties might play various roles in the creation or maintenance of the resource, and these roles should be indicated in the ""role"" element.";;
pubDate;Dataset:TaxonRecord:RecordMetadata:Revision;eml:pubDate;1;1;http://knb.ecoinformatics.org/software/eml/eml-2.1.1/eml-resource.html#pubDate;http://knb.ecoinformatics.org/software/eml/eml-2.1.1/eml-resource.html#yearDate;The 'pubDate' field represents the date that the resource was published. The format should be represented as: CCYY, which represents a 4 digit year, or as CCYY-MM-DD, which denotes the full year, month, and day. Note that month and day are optional components. Formats must conform to ISO 8601.;;
dc:created;Dataset:TaxonRecord:RecordMetadata:Revision;date;1;1;http://dublincore.org/documents/2012/06/14/dcmi-terms/?v=terms#created;http://purl.org/pliniancore/terms/;NULL;;
BaseElements;Dataset:TaxonRecord;ComplexType;1;1;http://purl.org/pliniancore/terms/BaseElements;null;Basic information to identify the record.;;
TaxonRecordID;Dataset:TaxonRecord:BaseElements;NormalString;1;1;http://purl.org/pliniancore/terms/BaseElements/TaxonRecordID;http://purl.org/pliniancore/terms/NormalString;Unique identifier of the record within the database.;;
taxonConceptID;Dataset:TaxonRecord:BaseElements;Taxon;1;1;http://rs.tdwg.org/dwc/terms/taxonConceptID; http://rs.tdwg.org/dwc/terms/Taxon;An identifier for the taxonomic concept to which the record refers - not for the nomenclatural details of a taxon.;;
GlobalUniqueIdentifier;Dataset:TaxonRecord:BaseElements;NormalString;0;1;http://purl.org/pliniancore/terms/BaseElements/GlobalUniqueIdentifier;http://purl.org/pliniancore/terms/NormalString;According to DarwinCore: An Uniform Resource Name (URN) used as an unique identifier of the taxon record.;;
Abstract;Dataset:TaxonRecord:BaseElements;NormalString;0;1;http://purl.org/pliniancore/terms/BaseElements/Abstract;http://purl.org/pliniancore/terms/NormalString;A brief summary of the most relevant or attractive features of this taxón to the general public.  Could point to any kind of information. Example: Blue whale is the largest mammal in the world.;;
NomenclatureAndClassification;Dataset:TaxonRecord;NomenclatureAndClassificationType;0;1;http://purl.org/pliniancore/terms/NomenclatureAndClassification;http://purl.org/pliniancore/terms/NomenclatureAndClassificationClass;Standard information for every known taxon.;;
TaxonRecordName;Dataset:TaxonRecord:NomenclatureAndClassification;ComplexType;1;1;http://purl.org/pliniancore/terms/NomenclatureAndClassification/TaxonRecordName;null;Complete information about the name of the taxon;;
ScientificName;Dataset:TaxonRecord:NomenclatureAndClassification:TaxonRecordName;ComplexType;1;1;http://tdwg.napier.ac.uk/tcs_doc101/#complexType_ScientificName_Link03700D40;null;Complete name of the taxon.;;
Synonyms;Dataset:TaxonRecord:NomenclatureAndClassification;SynonymsClass;0;1;http://purl.org/pliniancore/terms/NomenclatureAndClassification/Synonyms;http://purl.org/pliniancore/terms/SynonymsClass;Different names for this taxon. This concept is a placeholder field.;;
SynonymsAtmomized;Dataset:TaxonRecord:NomenclatureAndClassification:Synonyms;SynonymsAtomizedType;1;unbounded;http://purl.org/pliniancore/terms/Synonyms/SynonymsAtomized;http://purl.org/pliniancore/terms/SynonymsAtomizedClass;Structured information.;;
SynonymName;Dataset:TaxonRecord:NomenclatureAndClassification:Synonyms:SynonymsAtomized;ComplexType;1;1;http://tdwg.napier.ac.uk/tcs_doc101/#complexType_ScientificName_Link03700D40;null;NULL;;
SynonymStatus;Dataset:TaxonRecord:NomenclatureAndClassification:Synonyms:SynonymsAtomized;NormalString;0;1;http://purl.org/pliniancore/terms/Synonyms/SynonymsAtomized/SynonymStatus;http://purl.org/pliniancore/terms/NormalString;NULL;;
SynonymsUnstructured;Dataset:TaxonRecord:NomenclatureAndClassification:Synonyms;NormalString;1;1;http://purl.org/pliniancore/terms/Synonyms/SynonymsUnstructured;http://purl.org/pliniancore/terms/NormalString;Unstructured information.;;
CommonNames;Dataset:TaxonRecord:NomenclatureAndClassification;CommonNamesType;0;1;http://purl.org/pliniancore/terms/NomenclatureAndClassification/CommonNames;http://purl.org/pliniancore/terms/CommonNamesClass;List of vernacular names.;;
CommonNamesAtomized;Dataset:TaxonRecord:NomenclatureAndClassification:CommonNames;CommonNamesAtomizedType;0;unbounded;http://purl.org/pliniancore/terms/CommonNames/CommonNamesAtomized;http://purl.org/pliniancore/terms/CommonNamesAtomizedClass;Structured information.;;
Name;Dataset:TaxonRecord:NomenclatureAndClassification:CommonNames:CommonNamesAtomized;NormalString;1;1;http://purl.org/pliniancore/terms/CommonNamesAtomized/Name;http://purl.org/pliniancore/terms/NormalString;NULL;;
Language;Dataset:TaxonRecord:NomenclatureAndClassification:CommonNames:CommonNamesAtomized;ComplexType;0;1;http://purl.org/pliniancore/terms/CommonNamesAtomized/Language;http://purl.org/pliniancore/terms/NormalString;NULL;;
ISO639;Dataset:TaxonRecord:NomenclatureAndClassification:CommonNames:CommonNamesAtomized:Language;NormalString;0;1;http://www.loc.gov/standards/iso639-2/php/code_list.php;http://purl.org/pliniancore/terms/NormalString; ISO 639-2 is the alpha-3 code in Codes for the representation of names of languages;;
LanguageName;Dataset:TaxonRecord:NomenclatureAndClassification:CommonNames:CommonNamesAtomized:Language;NormalString;0;1;http://purl.org/pliniancore/terms/CommonNamesAtomized/LanguageName;http://purl.org/pliniancore/terms/NormalString;NULL;;
UsedIn;Dataset:TaxonRecord:NomenclatureAndClassification:CommonNames:CommonNamesAtomized;DistributionType;0;1;http://purl.org/pliniancore/terms/CommonNamesAtomized/UsedIn;http://purl.org/pliniancore/terms/DistributionClass;Location where the common name is used;;
UsedBy;Dataset:TaxonRecord:NomenclatureAndClassification:CommonNames:CommonNamesAtomized;NormalString;0;1;http://purl.org/pliniancore/terms/CommonNamesAtomized/UsedBy;http://purl.org/pliniancore/terms/NormalString;NULL;;
CommonNamesUnstructured;Dataset:TaxonRecord:NomenclatureAndClassification:CommonNames;NormalString;1;1;http://purl.org/pliniancore/terms/CommonNames/CommonNamesUnstructured;http://purl.org/pliniancore/terms/NormalString;NULL;;
Hierarchy;Dataset:TaxonRecord:NomenclatureAndClassification;HierarchyType;0;unbounded;http://purl.org/pliniancore/terms/NomenclatureAndClassification/Hierarchy;http://purl.org/pliniancore/terms/pliniancore/terms/HierarchyClass; Hierarchical categories. Modified from Linnean Core. Option: fill all or principal ranks and optionally provide keys;;
dwc:kingdom;Dataset:TaxonRecord:NomenclatureAndClassification:Hierarchy;TaxonType;0;1;http://rs.tdwg.org/dwc/terms/kingdom;http://rs.tdwg.org/dwc/terms/Taxon;"The full scientific name of the kingdom in which the taxon is classified.  Example: ""Animalia"", ""Plantae"".";;
dwc:phylum;Dataset:TaxonRecord:NomenclatureAndClassification:Hierarchy;TaxonType;0;1;http://rs.tdwg.org/dwc/terms/phylum ;http://rs.tdwg.org/dwc/terms/Taxon;"The full scientific name of the phylum or division in which the taxon is classified. Example: ""Chordata"" (phylum), ""Bryophyta"" (division).";;
dwc:class;Dataset:TaxonRecord:NomenclatureAndClassification:Hierarchy;TaxonType;0;1;http://rs.tdwg.org/dwc/terms/class;http://rs.tdwg.org/dwc/terms/Taxon;"The full scientific name of the class in which the taxon is classified. Example: ""Mammalia"", ""Hepaticopsida"".";;
dwc:order;Dataset:TaxonRecord:NomenclatureAndClassification:Hierarchy;TaxonType;0;1;http://rs.tdwg.org/dwc/terms/order;http://rs.tdwg.org/dwc/terms/Taxon;"The full scientific name of the order in which the taxon is classified. Example: ""Carnivora"", ""Monocleales"".";;
dwc:family;Dataset:TaxonRecord:NomenclatureAndClassification:Hierarchy;TaxonType;0;1;http://rs.tdwg.org/dwc/terms/family;http://rs.tdwg.org/dwc/terms/Taxon;"The full scientific name of the family in which the taxon is classified. Example: ""Felidae"", ""Monocleaceae"".";;
dwc:genus;Dataset:TaxonRecord:NomenclatureAndClassification:Hierarchy;TaxonType;0;1;http://rs.tdwg.org/dwc/terms/genus;http://rs.tdwg.org/dwc/terms/Taxon;"The full scientific name of the genus in which the taxon is classified. Example: ""Puma"", ""Monoclea"".";;
dwc:subgenus;Dataset:TaxonRecord:NomenclatureAndClassification:Hierarchy;TaxonType;0;1;http://rs.tdwg.org/dwc/terms/subgenus;http://rs.tdwg.org/dwc/terms/Taxon;"The full scientific name of the subgenus in which the taxon is classified. Values should include the genus to avoid homonym confusion. Example: ""Strobus (Pinus)"", ""Puma (Puma)"" ""Loligo (Amerigo)"", ""Hieracium subgen. Pilosella"".";;
dwc:taxonRank;Dataset:TaxonRecord:NomenclatureAndClassification:Hierarchy;TaxonType;0;1;http://rs.tdwg.org/dwc/terms/taxonRank;http://rs.tdwg.org/dwc/terms/Taxon;"The taxonomic rank of the most specific name in the scientificName. Recommended best practice is to use a controlled vocabulary. Examples: ""subspecies"", ""varietas"", ""forma"", ""species"", ""genus"".";;
dwc:specificEpithet;Dataset:TaxonRecord:NomenclatureAndClassification:Hierarchy;TaxonType;0;1;http://rs.tdwg.org/dwc/terms/specificEpithet;http://rs.tdwg.org/dwc/terms/Taxon;"The name of the first or species epithet of the scientificName. Example: ""concolor"", ""gottschei"".";;
dwc:infraspecificEpithet;Dataset:TaxonRecord:NomenclatureAndClassification:Hierarchy;TaxonType;0;1;http://rs.tdwg.org/dwc/terms/infraspecificEpithet;http://rs.tdwg.org/dwc/terms/Taxon;"The name of the lowest or terminal infraspecific epithet of the scientificName, excluding any rank designation. Example: ""concolor"", ""oxyadenia"", ""sayi"".";;
dwc:higherClassification;Dataset:TaxonRecord:NomenclatureAndClassification:Hierarchy;TaxonType;0;1;http://rs.tdwg.org/dwc/terms/higherClassification;http://rs.tdwg.org/dwc/terms/Taxon;"A list (concatenated and separated) of taxa names terminating at the rank immediately superior to the taxon referenced in the taxon record. Recommended best practice is to order the list starting with the highest rank and separating the names for each rank with a semi-colon ("";""). Example: ""Animalia;Chordata;Vertebrata;Mammalia;Theria;Eutheria;Rodentia;Hystricognatha;Hystricognathi;Ctenomyidae;Ctenomyini;Ctenomys"".";;
ParentTaxon;Dataset:TaxonRecord:NomenclatureAndClassification:Hierarchy;ComplexType;0;1;http://purl.org/pliniancore/terms/Hierarchy/ParentTaxon;null;NULL;;
taxonValue;Dataset:TaxonRecord:NomenclatureAndClassification:Hierarchy:ParentTaxon;NormalString;1;1;http://purl.org/pliniancore/terms/Hierarchy/taxonValue;http://purl.org/pliniancore/terms/NormalString;NULL;;
MiscDetails;Dataset:TaxonRecord:NomenclatureAndClasification;MiscDetailsType;0;1;http://purl.org/pliniancore/terms/NomenclatureAndClassification/MiscDetails;http://purl.org/pliniancore/terms/MiscDetailClass; Miscellaneus: notes attached to the taxon information. E.g. Pronunciation, etymology, ...;;
DetailAtomized;Dataset:TaxonRecord:NomenclatureAndClasification:MiscDetails;DetailType;1;unbounded;http://purl.org/pliniancore/terms/MiscDetails/DetailAtomized;http://purl.org/pliniancore/terms/DetailClass;NULL;;
Attribute;Dataset:TaxonRecord:NomenclatureAndClasification:MiscDetails:DetailAtomized;NormalString;0;1;http://purl.org/pliniancore/terms/Detail/Attribute;http://purl.org/pliniancore/terms/NormalString;NULL;;
Value;Dataset:TaxonRecord:NomenclatureAndClasification:MiscDetails:DetailAtomized;NormalString;1;1;http://purl.org/pliniancore/terms/Detail/Value;http://purl.org/pliniancore/terms/NormalString;NULL;;
dwc:MeasurementOrFact;Dataset:TaxonRecord:NomenclatureAndClasification:MiscDetails:DetailAtomized;MeasurementOrFactType;0;unbounded;http://rs.tdwg.org/dwc/terms/MeasurementOrFact;http://rs.tdwg.org/dwc/terms/MeasurementOrFact;The category of information pertaining to measurements, facts, characteristics, or assertions about a resource (instance of data record, such as Occurrence, Taxon, Location, Event).;;
DetailUnstructured;Dataset:TaxonRecord:NomenclatureAndClasification:MiscDetails;NormalString;0;1;http://purl.org/pliniancore/terms/Detail/DetailUnstructured;http://purl.org/pliniancore/terms/NormalString;NULL;;
NomenclatureAndClassificationUnstructured;Dataset:TaxonRecord:NomenclatureAndClasification;NormalString;0;1;http://purl.org/pliniancore/terms/NomenclatureAndClassification/NomenclatureAndClassificationUnstructured;http://purl.org/pliniancore/terms/NormalString;NULL;;
TaxonomicalDescription;Dataset:TaxonRecord;TaxonomicalDescriptionType;0;1;http://purl.org/pliniancore/terms/TaxonomicalDescription;http://purl.org/pliniancore/terms/TaxonomicalDescriptionClas;Description of Taxon: Brief description, Full description, Identification keys and Ancillary Data.;;
BriefDescription;Dataset:TaxonRecord:TaxonomicalDescription;NormalString;0;1;http://purl.org/pliniancore/terms/TaxonomicalDescription/BriefDescription;http://purl.org/pliniancore/terms/NormalString;Brief description, presented in a simple technical language, to distinguish the species from other close or similar ones.;;
FullDescription;Dataset:TaxonRecord:TaxonomicalDescription;ComplexType;0;1;http://purl.org/pliniancore/terms/TaxonomicalDescription/FullDescription;null;Complete and detailed account of the taxonomic and systematic characters, i.e. those that define and allow to recognize an organism.;;
FullDescriptionAtomized;Dataset:TaxonRecord:TaxonomicalDescription:FullDescription;DetailType;1;unbounded;http://purl.org/pliniancore/terms/TaxonomicalDescription/FullDescriptionAtomized;http://purl.org/pliniancore/terms/DetailClass;NULL;;
FullDescriptionUnstructured;Dataset:TaxonRecord:TaxonomicalDescription:FullDescription;NormalString;1;1;http://purl.org/pliniancore/terms/TaxonomicalDescription/FullDescriptionUnstructured;http://purl.org/pliniancore/terms/NormalString;NULL;;
IdentificationKeys;Dataset:TaxonRecord:TaxonomicalDescription;ComplexType;0;1;http://purl.org/pliniancore/terms/TaxonomicalDescription/IdentificationKeys;null;Tool for the identification of organisms, comprising a series of steps, each of which represents a question about one or more characters of the organism. Each step offers multiple alternatives, choosing one of them will lead us to the next step until ending, finally, in the name of the organism. Most printed keys have only two alternatives, so called dichotomous keys. A taxon includes a key or an identification of key  in the subordinate taxons. For example: If we are in a register of a genre, this register would include the keys of the species that this register includes, and if it´s one specie, then it would include the key of the infraspecific rank (For plants: subspecies, variety forms);;
Keys;Dataset:TaxonRecord:TaxonomicalDescription:IdentificationKeys;NormalString;1;unbounded;http://purl.org/pliniancore/terms/TaxonomicalDescription/Keys;http://purl.org/pliniancore/terms/NormalString;Dichotomic  or multientrance keys.;;
TaxonomicalDescriptionUnstructured;Dataset:TaxonRecord:TaxonomicalDescription;NormalString;1;1;http://purl.org/pliniancore/terms/TaxonomicalDescription/TaxonomicalDescriptionUnstructured;http://purl.org/pliniancore/terms/NormalString;NULL;;
NaturalHistory;Dataset:TaxonRecord;NaturalHistoryType;0;1;http://purl.org/pliniancore/terms/NaturalHistory;http://purl.org/pliniancore/terms/NaturalHistoryClass;Most relevant description about the species.;;
LifeForm;Dataset:TaxonRecord:NaturalHistory;DetailType;0;1;http://purl.org/pliniancore/terms/NaturalHistory/LifeForm;http://purl.org/pliniancore/terms/DetailClass;General appearance. Characteristic mode of growth or occurrence associated to its environment, particularly for plants. Comprising its size, shape, texture and orientation. Example: tree, shrubs, herbs. ;;
LifeCycle;Dataset:TaxonRecord:NaturalHistory;DetailType;0;1;http://purl.org/pliniancore/terms/NaturalHistory/LifeCycle;http://purl.org/pliniancore/terms/DetailClass;Life history of a living organism: The course of developmental changes in an organism from fertilized zygote to maturity or stages through which an organism passes. ;;
Reproduction;Dataset:TaxonRecord:NaturalHistory;ReproductionType;0;1;http://purl.org/pliniancore/terms/NaturalHistory/Reproduction;http://purl.org/pliniancore/terms/ReproductionClass;All data related to the production of offspring.;;
ReproductionAtomized;Dataset:TaxonRecord:NaturalHistory:Reproduction;ReproductionAtomizedType;1;unbounded;http://purl.org/pliniancore/terms/Reproduction/ReproductionAtomized;http://purl.org/pliniancore/terms/DetailClass;NULL;;
ReproductionUnstructured;Dataset:TaxonRecord:NaturalHistory:Reproduction;NormalString;1;1;http://purl.org/pliniancore/terms/Reproduction/ReproductionUnstructured;http://purl.org/pliniancore/terms/NormalString;NULL;;
AnnualCycles;Dataset:TaxonRecord:NaturalHistory;AnnualCyclesType;0;1;http://purl.org/pliniancore/terms/NaturalHistory/AnnualCycles;http://purl.org/pliniancore/terms/AnnualCyclesClass;"Set of changes or events that recurrently take place at the same time of year and are influenced by seasonal and interannual climate variations. For example: reproduction, flowering, fruiting, emergence of insects, etc. Also called phenology, mainly in plants. In the case of migration, refers only to the timing of it; other data about this are gathered in MigratoryData.";;
AnnualCycleAtomized;Dataset:TaxonRecord:NaturalHistory:AnnualCycles;AnnualCycleAtomizedType;1;unbounded;http://purl.org/pliniancore/terms/AnnualCycles/AnnualCyclesAtomized;http://purl.org/pliniancore/terms/AnnualCyclesAtomizedClass;NULL;;
AnnualCycleUnstructured;Dataset:TaxonRecord:NaturalHistory:AnnualCycles;NormalString;1;1;http://purl.org/pliniancore/terms/AnnualCycles/AnnualCyclesUnstructured;http://purl.org/pliniancore/terms/NormalString;NULL;;
Feeding;Dataset:TaxonRecord:NaturalHistory;FeedingType;0;1;http://purl.org/pliniancore/terms/NaturalHistory/Feeding;http://purl.org/pliniancore/terms/FeedingClass;Information related to supply food for the development and sustenance of the individual and/or its offspring.;;
FeedingAtomized;Dataset:TaxonRecord:NaturalHistory:Feeding;FeedingAtomizedType;1;unbounded;http://purl.org/pliniancore/terms/Feeding/FeedingAtomized;http://purl.org/pliniancore/terms/FeedingAtomizedClass;NULL;;
TrophicStrategy;Dataset:TaxonRecord:NaturalHistory:Feeding:FeedingAtomized;NormalString;1;1;http://purl.org/pliniancore/terms/FeedingAtomized/TrophicStrategy;http://purl.org/pliniancore/terms/NormalString;Tactic used to obtain energy or nutrients.;;
TrophicStrategyQualifier;Dataset:TaxonRecord:NaturalHistory:Feeding:FeedingAtomized;NormalString;0;1;http://purl.org/pliniancore/terms/FeedingAtomized/ThropicStrategyQualifier;http://purl.org/pliniancore/terms/NormalString;Information notes about specific strategy of feeding. ;;
FeedingUnstructured;Dataset:TaxonRecord:NaturalHistory:Feeding;NormalString;1;1;http://purl.org/pliniancore/terms/Feeding/FeedingUnstructured;http://purl.org/pliniancore/terms/NormalString;NULL;;
Dispersal;Dataset:TaxonRecord:NaturalHistory;DispersalType;0;1;http://purl.org/pliniancore/terms/NaturalHistory/Dispersal;http://purl.org/pliniancore/terms/DispersalClass;The permanent spreading of individuals away from each other not including return. Dispersal determines the range over which genetic mixing occurs, and thus, the degree of homogeneity and inbreeding in a population;;
DispersalAtomized;Dataset:TaxonRecord:NaturalHistory:Dispersal;DispersalAtomizedType;1;1;http://purl.org/pliniancore/terms/Dispersal/DispersalAtomized;http://purl.org/pliniancore/terms/DispersalAtomizedClass;NULL;;
Purpose;Dataset:TaxonRecord:NaturalHistory:Dispersal:DispersalAtomized;MeasurementOrFactType;1;unbounded;http://purl.org/pliniancore/terms/DispersalAtomized/Purpose; http://rs.tdwg.org/dwc/terms/MeasurementOrFact;Makes reference to any data being measured (e.g. annual precipitation). ;;
Type;Dataset:TaxonRecord:NaturalHistory:Dispersal:DispersalAtomized;NormalString;1;1;http://purl.org/pliniancore/terms/DispersalAtomized/Type;http://purl.org/pliniancore/terms/NormalString;Controlled vocabulary: Zoochory, Anemochory, Hydrochory, Barochory, Autochory;;
StructuredDispersed;Dataset:TaxonRecord:NaturalHistory:Dispersal:DispersalAtomized;NormalString;1;1;http://purl.org/pliniancore/terms/DispersalAtomized/StructureDispersed;http://purl.org/pliniancore/terms/NormalString;Controlled vocabulary: Seed, Fruit, Vegetative structure, Spores, Gametes, Eggs, Offspring and Individuals;;
Distance;Dataset:TaxonRecord:NaturalHistory:Dispersal:DispersalAtomized;MeasurementOrFactType;1;1;http://purl.org/pliniancore/terms/DispersalAtomized/Distance; http://rs.tdwg.org/dwc/terms/MeasurementOrFact;Ej: 450 cm;;
DispersalUnstructured;Dataset:TaxonRecord:NaturalHistory:Dispersal;NormalString;1;1;http://purl.orgre/terms/Dispersal/DispersalUnstructured;http://purl.org/pliniancore/terms/NormalString;NULL;;
Behavior;Dataset:TaxonRecord:NaturalHistory;BehaviorType;0;1;http://purl.org/pliniancore/terms/NaturalHistory/Behavior;http://purl.org/pliniancore/terms/BehaviorClass;Responses, reactions or movements made by an organism in a particular situation.;;
BehaviorAtomized;Dataset:TaxonRecord:NaturalHistory:Behavior;DetailType;1;1;http://purl.org/pliniancore/terms/Behavior/BehaviorAtomized;http://purl.org/pliniancore/terms/DetailClass;NULL;;
BehaviorUnstructured;Dataset:TaxonRecord:NaturalHistory:Behavior;NormalString;1;1;http://purl.org/pliniancore/terms/Behavior/BehaviorUnstructured;http://purl.org/pliniancore/terms/NormalString;NULL;;
Interactions;Dataset:TaxonRecord:NaturalHistory;InteractionsType;0;1;http://purl.org/pliniancore/terms/NaturalHistory/Interactions;http://purl.org/pliniancore/terms/InteractionClass;Mutual or reciprocal actions or influences.  For example, predation, parasitism, mutualism, etc.  Relations with products grown and stored by man (plagues) are also included.;;
InteractionAtomized;Dataset:TaxonRecord:NaturalHistory:Interactions;InteractionAtomizedType;1;unbounded;http://purl.org/pliniancore/terms/Interactions/InteractionAtomized;http://purl.org/pliniancore/terms/InteractionAtomized/InteractionAtomized;NULL;;
InteractionSpecies;Dataset:TaxonRecord:NaturalHistory:Interactions:InteractionAtomized;dwc:ResourceRelationship;1;1;http://purl.org/pliniancore/terms/InteractionAtomized/InteractionSpecies;http://rs.tdwg.org/dwc/terms/ResourceRelationship;The category of information pertaining to relationships between resources (instances of data records, such as Occurrences, Taxa, Locations, Events.;;
InteractionSpeciesComments;Dataset:TaxonRecord:NaturalHistory:Interactions:InteractionAtomized;NormalString;0;1;http://purl.org/pliniancore/terms/InteractionAtomized/InteractionSpeciesComments;http://purl.org/pliniancore/terms/NormalString;Notes about the interactions.;;
InteractionSpeciesType;Dataset:TaxonRecord:NaturalHistory:Interactions:InteractionAtomized;NormalString;1;unbounded;http://purl.org/pliniancore/terms/InteractionAtomized/InteractionSpeciesType;http://purl.org/pliniancore/terms/NormalString;String with the type of interaction.;;
InteractionUnstructured;Dataset:TaxonRecord:NaturalHistory:Interactions;NormalString;1;1;http://purl.org/pliniancore/terms/Interactions/InteractionUnstructured;http://purl.org/pliniancore/terms/NormalString;NULL;;
MolecularData;Dataset:TaxonRecord:NaturalHistory;MolecularDataType;0;1;http://purl.org/pliniancore/terms/NaturalHistory/MolecularData;http://purl.org/pliniancore/terms/MolecularDataClass;Information on the chemical structures and biological processes at the molecular level: DNA and proteins sequences, protein structures, expression profiles of genes protein domains, families of genes,  mutations, polymorphisms, involvement in disease, ... Undeveloped. Placeholder for connecting with standards developed by specialists. For example, Standards for Data Exchange and Management from Scalalife (http://www.scalalife.eu/content/data);;
MolecularDataAtomized;Dataset:TaxonRecord:NaturalHistory:MolecularData;DetailType;1;unbounded;http://purl.org/pliniancore/terms/MolecularData/MolecularDataAtomized;http://purl.org/pliniancore/terms/DetailClass;NULL;;
MolecularDataUnstructured;Dataset:TaxonRecord:NaturalHistory:MolecularData;NormalString;1;1;http://purl.org/pliniancore/terms/MolecularData/MolecularDataUnstructured;http://purl.org/pliniancore/terms/NormalString;NULL;;
Migratory;Dataset:TaxonRecord:NaturalHistory;MigratoryType;0;1;http://purl.org/pliniancore/terms/NaturalHistory/Migratory;http://purl.org/pliniancore/terms/MigratoryDataClass;The regular, usually seasonal, movement of all or part of an animal population to and from a given area, which can occur in variable periods of time and even involve more than one generation. ;;
MigratoryAtomized;Dataset:TaxonRecord:NaturalHistory:Migratory;MigratoryAtomizedType;1;1;http://purl.org/pliniancore/terms/Migratory/MigratoryAtomized;http://purl.org/pliniancore/terms/MigratoryAtomizedClass;NULL;;
Causes;Dataset:TaxonRecord:NaturalHistory:Migratory:MigratoryAtomized;NormalString;1;unbounded;http://purl.org/pliniancore/terms/MigratoryAtomized/Causes;http://purl.org/pliniancore/terms/NormalString;Controlled vocabulary: Seasonal climatic variation, Resource availability and Reproduction ;;
Patterns;Dataset:TaxonRecord:NaturalHistory:Migratory:MigratoryAtomized;NormalString;1;unbounded;http://purl.org/pliniancore/terms/MigratoryAtomized/Patterns;http://purl.org/pliniancore/terms/NormalString;Controlled vocabulary: Latitudinal, Longitudinal , Altitudinal , Vertical in water columns and Local migrant;;
Routes;Dataset:TaxonRecord:NaturalHistory:Migratory:MigratoryAtomized;NormalString;1;1;http://purl.org/pliniancore/terms/MigratoryAtomized/Routes;http://purl.org/pliniancore/terms/NormalString;Trajectory followed by the species;;
Season;Dataset:TaxonRecord:NaturalHistory:Migratory:MigratoryAtomized;NormalString;1;1;http://purl.org/pliniancore/terms/MigratoryAtomized/Season;http://purl.org/pliniancore/terms/NormalString;Time of year in which a species migrates. ;;
MigratoryUnstructured;Dataset:TaxonRecord:NaturalHistory:Migratory;NormalString;1;1;http://purl.org/pliniancore/terms/Migratory/MigratoryUnstructured;http://purl.org/pliniancore/terms/NormalString;NULL;;
EcologicalSiginificance;Dataset:TaxonRecord:NaturalHistory;EcologicalSignificanceType;0;1;http://purl.org/pliniancore/terms/NaturalHistory/EcologicalSignificance;http://purl.org/pliniancore/terms/EcologicalSignificanceClass;Ecological importance of the taxon. (Placeholder);;
EcologicalAtomized;Dataset:TaxonRecord:NaturalHistory:EcologicalSignificance;DetailType;1;unbounded;http://purl.org/pliniancore/terms/EcologicalSignificance/EcologicalAtomized;http://purl.org/pliniancore/terms/DetailClass;NULL;;
EcologicalUnstructured;Dataset:TaxonRecord:NaturalHistory:EcologicalSignificance;NormalString;1;1;http://purl.org/pliniancore/terms/EcologicalSignificance/EcologicalUnstructured;http://purl.org/pliniancore/terms/NormalString;NULL;;
EnvironmentalEnvelope;Dataset:TaxonRecord:NaturalHistory;EnvironmetalType;0;1;http://purl.org/pliniancore/terms/NaturalHistory/EnvironmentalEnvelope;http://purl.org/pliniancore/terms/EnvironmentalClass;Environmental ranges in which species live, e.g. annual rainfall, average, 450 mm;;
EnvironmentalUnstructured;Dataset:TaxonRecord:NaturalHistory:EnviromentalEnvelope;NormalString;1;1;http://purl.org/pliniancore/terms/Environmental/EnvironmentalUnstructured;http://purl.org/pliniancore/terms/NormalString;NULL;;
NaturalHistoryUnstructured;Dataset:TaxonRecord:NaturalHistory;NormalString;1;1;http://purl.org/pliniancore/terms/NaturalHistory/NaturalHistoryUnstructured;http://purl.org/pliniancore/terms/NormalString;NULL;;
Invasiveness;Dataset:TaxonRecord;InvasivenessType;0;1;http://purl.org/pliniancore/terms/TaxonRecord/Invasiveness;http://purl.org/pliniancore/terms/InvasivenessClass;Information about invasive exotic species that could threaten to ecosystem, habitats and species;;
InvasivenessAtomized;Dataset:TaxonRecord:Invasiveness;InvasivenessAtomizedType;1;1;http://purl.org/pliniancore/terms/Invasiveness/InvasivenessAtomized;http://purl.org/pliniancore/terms/InvasivenessAtomizedClass;NULL;;
gisin:origin;Dataset:TaxonRecord:Invasiveness:InvasivenessAtomized;NormalString;0;1;http://www.gisin.org/cwis438/websites/GISINDirectory/tech/Concept_Info.php?ConceptID=1&WebSiteID=4;http://purl.org/pliniancore/terms/NormalString;Whether the species is considered to be native to a particular location or not. Values: Indigenous, Exotic, Unknown ;;
gisin:presence;Dataset:TaxonRecord:Invasiveness:InvasivenessAtomized;NormalString;0;1;http://www.gisin.org/cwis438/websites/GISINDirectory/tech/Concept_Info.php?ConceptID=2&WebSiteID=4;http://purl.org/pliniancore/terms/NormalString;There is supporting evidence to show the species is present within the valid date. Values: Absent, SometimesPresent, Present, Unknown, Reported;;
gisin:persistence;Dataset:TaxonRecord:Invasiveness:InvasivenessAtomized;NormalString;0;1;http://www.gisin.org/cwis438/websites/GISINDirectory/tech/Concept_Info.php?ConceptID=3&WebSiteID=4;http://purl.org/pliniancore/terms/NormalString;How successful the organism is at surviving and reproducing. Values: Persistent, Temporary, Transient, DiedOut, Unknown;;
gisin:distribution;Dataset:TaxonRecord:Invasiveness:InvasivenessAtomized;NormalString;1;unbounded;http://www.gisin.org/cwis438/websites/GISINDirectory/tech/Concept_Info.php?ConceptID=4&WebSiteID=4;http://purl.org/pliniancore/terms/NormalString;Whether the species is limited to a local area or covers vast tracks of land or water. Values: Widespread, Moderate, Localized, Unknown ;;
gisin:harmful;Dataset:TaxonRecord:Invasiveness:InvasivenessAtomized;NormalString;0;1;http://www.gisin.org/cwis438/websites/GISINDirectory/tech/Concept_Info.php?ConceptID=8&WebSiteID=4;http://purl.org/pliniancore/terms/NormalString;Whether the organism is considered harmful. Invasive Species should return 'Harmful=Yes' and 'Origin=Nonindigenous'. More detailed 'harm' information is dealt with in the ImpactStatus Data Model. Values: Yes, No, Potentially, Unknown;;
gisin:modified;Dataset:TaxonRecord:Invasiveness:InvasivenessAtomized;DublinCore:Date;0;1;http://www.gisin.org/cwis438/websites/GISINDirectory/Tech/Concept_Info.php?ConceptID=52&CallingPage=Model_Info.php?ModelID=1;http://purl.org/pliniancore/terms/NormalDate;NULL;;
gisin:startValidDate;Dataset:TaxonRecord:Invasiveness:InvasivenessAtomized;Date;0;1;http://www.gisin.org/cwis438/websites/GISINDirectory/tech/Concept_Info.php?ConceptID=10&WebSiteID=4;http://purl.org/pliniancore/terms/NormalString;This is the first day that the record is valid for in the format YYYY-MM-DD.;;
gisin:endValidDate;Dataset:TaxonRecord:Invasiveness:InvasivenessAtomized;Date;0;1;http://www.gisin.org/cwis438/websites/GISINDirectory/tech/Concept_Info.php?ConceptID=11&WebSiteID=4;http://purl.org/pliniancore/terms/NormalString;This is the last day that the record is valid for in the format YYYY-MM-DD. ;;
gisin:countryCode;Dataset:TaxonRecord:Invasiveness:InvasivenessAtomized;NormalString;1;1;http://www.gisin.org/cwis438/websites/GISINDirectory/tech/Concept_Info.php?ConceptID=13&WebSiteID=4;http://purl.org/pliniancore/terms/NormalString;A two letter country code from the ISO specification.;;
gisin:stateProvince;Dataset:TaxonRecord:Invasiveness:InvasivenessAtomized;NormalString;0;1;http://www.gisin.org/cwis438/websites/GISINDirectory/tech/Concept_Info.php?ConceptID=14&WebSiteID=4;http://purl.org/pliniancore/terms/NormalString;NULL;;
gisin:country;Dataset:TaxonRecord:Invasiveness:InvasivenessAtomized;NormalString;0;1;http://www.gisin.org/cwis438/websites/GISINDirectory/tech/Concept_Info.php?ConceptID=15&WebSiteID=4;http://purl.org/pliniancore/terms/NormalString;NULL;;
gisin:localityName;Dataset:TaxonRecord:Invasiveness:InvasivenessAtomized;NormalString;0;1;http://www.gisin.org/cwis438/websites/GISINDirectory/tech/Concept_Info.php?ConceptID=16&WebSiteID=4;http://purl.org/pliniancore/terms/NormalString;NULL;;
gisin:language;Dataset:TaxonRecord:Invasiveness:InvasivenessAtomized;NormalString;0;1;http://www.gisin.org/cwis438/websites/GISINDirectory/Tech/Concept_Info.php?ConceptID=42&CallingPage=Model_Info.php?ModelID=1;http://purl.org/pliniancore/terms/NormalString;The primary language of the data provided by the service. It is recommended to use codes defined by IANA, RFC 4646, 2 letter codes, no country;;
gisin:citation;Dataset:TaxonRecord:Invasiveness:InvasivenessAtomized;NormalString;0;1;http://www.gisin.org/cwis438/websites/GISINDirectory/Tech/Concept_Info.php?ConceptID=68&CallingPage=Model_Info.php?ModelID=1;http://purl.org/pliniancore/terms/NormalString;Citation for the original source of the data. This data must be maintained an relayed by providers that harvest data from other providers. ;;
gisin:abundance;Dataset:TaxonRecord:Invasiveness:InvasivenessAtomized;NormalString;0;1;http://www.gisin.org/cwis438/websites/GISINDirectory/tech/Concept_Info.php?ConceptID=5&WebSiteID=4;http://purl.org/pliniancore/terms/NormalString;How abundant the organism is. Values: Dominant, Common, Rare, Zero, Unknown, Monoculture.;;
gisin:trend;Dataset:TaxonRecord:Invasiveness:InvasivenessAtomized;NormalString;0;1;http://www.gisin.org/cwis438/websites/GISINDirectory/tech/Concept_Info.php?ConceptID=6&WebSiteID=4;http://purl.org/pliniancore/terms/NormalString;Whether the range of the organism is increasing or decreasing. Values: Stable, Declining, Unknown, Expanding;;
gisin:rateOfSpread;Dataset:TaxonRecord:Invasiveness:InvasivenessAtomized;NormalString;0;1;http://www.gisin.org/cwis438/websites/GISINDirectory/tech/Concept_Info.php?ConceptID=7&WebSiteID=4;http://purl.org/pliniancore/terms/NormalString;How quickly the range of the organism is expanding. Values: Rapid, Moderate, Slow, Unknown.;;
gisin:regulatoryListing;Dataset:TaxonRecord:Invasiveness:InvasivenessAtomized;NormalString;0;1;http://www.gisin.org/cwis438/websites/GISINDirectory/tech/Concept_Info.php?ConceptID=9&WebSiteID=4;http://purl.org/pliniancore/terms/NormalString;The legal regulatory status of the organism. Values: Prohibited, Restricted, NotConsidered, Unknown;;
gisin:memo;Dataset:TaxonRecord:Invasiveness:InvasivenessAtomized;NormalString;0;1;http://www.gisin.org/cwis438/websites/GISINDirectory/Tech/Concept_Info.php?ConceptID=92&CallingPage=Model_Info.php?ModelID=1;http://purl.org/pliniancore/terms/NormalString;An unsearchable field for providers to add anything else they think is important;;
gisin:publicationDate;Dataset:TaxonRecord:Invasiveness:InvasivenessAtomized;Date;0;1;http://www.gisin.org/cwis438/websites/GISINDirectory/Tech/Concept_Info.php?ConceptID=93&CallingPage=Model_Info.php?ModelID=1;http://purl.org/pliniancore/terms/NormalString;Date the record was published in the format YYYY-MM-DD;;
gisin:localityType;Dataset:TaxonRecord:Invasiveness:InvasivenessAtomized;NormalString;0;1;http://www.gisin.org/cwis438/websites/GISINDirectory/Tech/Concept_Info.php?ConceptID=96&CallingPage=Model_Info.php?ModelID=1;http://purl.org/pliniancore/terms/NormalString;Defines the type of info in the Locality concept (city, park, cemetery, refuge, protected area). Values: State/Province, County, Postal code, Watershed, Unknown;;
gisin:locationValue;Dataset:TaxonRecord:Invasiveness:InvasivenessAtomized;NormalString;0;1;http://www.gisin.org/cwis438/websites/GISINDirectory/Tech/Concept_Info.php?ConceptID=98&CallingPage=Model_Info.php?ModelID=1;http://purl.org/pliniancore/terms/NormalString;Value matching the code defined in the locality standard for the locality;;
gisin:publicationDatePrecision;Dataset:TaxonRecord:Invasiveness:InvasivenessAtomized;Enumerated;0;1;http://www.gisin.org/cwis438/websites/GISINDirectory/Tech/Concept_Info.php?ConceptID=115&CallingPage=Model_Info.php?ModelID=1;http://purl.org/pliniancore/terms/NormalString;Precision of the publication date. Values: Unknown, Day, Month, Year;;
WhatImpact;Dataset:TaxonRecord:Invasiveness:InvasivenessAtomized;NormalString;1;1;http://purl.org/pliniancore/terms/InvasivenessAtomized/WhatImpact;http://purl.org/pliniancore/terms/NormalString;What the actual impact is, for instance: Is it eating all the riparian vegetation? Are their burrows destroying irrigation systems? Is it displacing  Arvicola sapidus?;;
impactTarget;Dataset:TaxonRecord:Invasiveness:InvasivenessAtomized;NormalString;0;1;http://purl.org/pliniancore/terms/InvasivenessAtomized/impactTarget;http://purl.org/pliniancore/terms/NormalString;Who/what the species is impacting.;;
impactMechanism;Dataset:TaxonRecord:Invasiveness:InvasivenessAtomized;NormalString;0;1;http://purl.org/pliniancore/terms/InvasivenessAtomized/impactMechanism;http://purl.org/pliniancore/terms/NormalString;Mechanism of introduction or impact to a new location.;;
InvasivenessUnstructured;Dataset:TaxonRecord:Invasiveness:InvasivenessAtomized;NormalString;1;1;http://purl.org/pliniancore/terms/Invasiveness/InvasivenessUnstructured;http://purl.org/pliniancore/terms/NormalString;NULL;;
HabitatAndDistribution;Dataset:TaxonRecord;HabitatAndDistributionType;0;1;http://purl.org/pliniancore/terms/HabitatAndDistribution;http://purl.org/pliniancore/terms/HabitatAndDistributionClass;Distribution of the species;;
Habitats;Dataset:TaxonRecord:HabitatAndDistribution;HabitatsType;0;1;http://purl.org/pliniancore/terms/HabitatAndDistribution/Habitats;http://purl.org/pliniancore/terms/HabitatClass;General description of the sites where the species are found (ecosystem, forest, environment or microhabitat). (Placeholder).;;
HabitatAtomized;Dataset:TaxonRecord:HabitatAndDistribution:Habitats;DetailType;0;unbounded;http://purl.org/pliniancore/terms/Habitat/HabitatAtomized;http://purl.org/pliniancore/terms/DetailClass;NULL;;
HabitatUnstructured;Dataset:TaxonRecord:HabitatAndDistribution:Habitats;NormalString;1;1;http://purl.org/pliniancore/terms/Habitat/HabitatUnstructured;http://purl.org/pliniancore/terms/NormalString;NULL;;
Distribution;Dataset:TaxonRecord:HabitatAndDistribution;DistributionType;0;unbounded;http://purl.org/pliniancore/terms/HabitatAndDistribution/Distribution;http://purl.org/pliniancore/terms/DistributionClass;Species geographical  distribution.;;
TypeDistribution;Dataset:TaxonRecord:HabitatAndDistribution:Distribution;NormalString;0;1;http://purl.org/pliniancore/terms/Distribution/TypeDistribution;http://purl.org/pliniancore/terms/NormalString;Distribution:restricted,actual.. AppliesTo: The authority has a scale;;
DistributionAtomized;Dataset:TaxonRecord:HabitatAndDistribution:Distribution;DistributionAtomizedType;0;unbounded;http://purl.org/pliniancore/terms/Distribution/DistributionAtomized;http://purl.org/pliniancore/terms/DistributionAtomizedClass;NULL;;
Catalogue;Dataset:TaxonRecord:HabitatAndDistribution:Distribution:DistributionAtomized;NormalString;0;1;http://purl.org/pliniancore/terms/DistributionAtomized/Catalogue;http://purl.org/pliniancore/terms/NormalString;Catalogue where the GeographicEntity is documented.;;
GeographicEntity;Dataset:TaxonRecord:HabitatAndDistribution:Distribution:DistributionAtomized;NormalString;1;1;http://purl.org/pliniancore/terms/DistributionAtomized/GeographicEntity;http://purl.org/pliniancore/terms/NormalString;Name of the geographic entity.;;
State;Dataset:TaxonRecord:HabitatAndDistribution:Distribution:DistributionAtomized;NormalString;1;1;http://purl.org/pliniancore/terms/DistributionAtomized/State;http://purl.org/pliniancore/terms/NormalString;NULL;;
Region;Dataset:TaxonRecord:HabitatAndDistribution:Distribution:DistributionAtomized;NormalString;1;1;http://purl.org/pliniancore/terms/DistributionAtomized/Region;http://purl.org/pliniancore/terms/NormalString;NULL;;
Town;Dataset:TaxonRecord:HabitatAndDistribution:Distribution:DistributionAtomized;NormalString;1;1;http://purl.org/pliniancore/terms/DistributionAtomized/Town;http://purl.org/pliniancore/terms/NormalString;NULL;;
DistributionUnstructured;Dataset:TaxonRecord:HabitatAndDistribution:Distribution;NormalString;1;1;http://purl.org/pliniancore/terms/Distribution/DistributionUnstructured;http://purl.org/pliniancore/terms/NormalString;NULL;;
Endemic;Dataset:TaxonRecord:HabitatAndDistribution;EndemicType;0;1;http://purl.org/pliniancore/terms/HabitatAndDistribution/Endemic;http://purl.org/pliniancore/terms/EndemicClass;Organism that lives exclusively in a particular territory and not found anywhere else.;;
EndemicAtomized;Dataset:TaxonRecord:HabitatAndDistribution:Endemic;EndemicAtomizedType;0;unbounded;http://purl.org/pliniancore/terms/Endemic/EndemicAtomized;http://purl.org/pliniancore/terms/EndemicAtomizedClass;List of areas structured and categorized the degree of safety.;;
EndemicTo;Dataset:TaxonRecord:HabitatAndDistribution:Endemic:EndemicAtomized;NormalString;1;unbounded;http://purl.org/pliniancore/terms/EndemicAtomized/EdemicTo;http://purl.org/pliniancore/terms/NormalString;The concept is applied to one or several countries. Ex:- Giant panda (Ailuropoda melanoleuca (David, 1869) endemic to China.  - Quetzal Resplendent (Pharomachrus mocinno de la Llave, 1832) endemic to Mexico, Guatemala, Honduras, El Salvador, Nicaragua, Costa Rica and Panama;;
EndemicIn;Dataset:TaxonRecord:HabitatAndDistribution:Endemic:EndemicAtomized;NormalString;1;1;http://purl.org/pliniancore/terms/EndemicAtomized/EdemicIn;http://purl.org/pliniancore/terms/NormalString;The concept is applied to an area either multinational or local. Ex:  - Vicuña (Vicugna vicugna Molina, 1782) endemic in the Andean region.  - Manzanilla Real (Artemisia granatensis Boiss.) endemic in the peaks of Sierra Nevada (Spain).;;Giant panda (Ailuropoda melanoleuca (David, 1869) endemic to China. 
EndemicUnstructured;Dataset:TaxonRecord:HabitatAndDistribution:Endemic;NormalString;0;1;http://purl.org/pliniancore/terms/Endemic/EndemicUnstructured;http://purl.org/pliniancore/terms/NormalString;NULL;- Vicuña (Vicugna vicugna Molina, 1782) endemic in the Andean region.;Quetzal Resplendent (Pharomachrus mocinno de la Llave, 1832) endemic to Mexico, Guatemala, Honduras, El Salvador, Nicaragua, Costa Rica and Panama
HabitatAndDistributionUnstructured;Dataset:TaxonRecord:HabitatAndDistribution;NormalString;0;1;http://purl.org/pliniancore/terms/Endemic/HabitatAndDistribution/HabitatAndDistributionUnstructured;http://purl.org/pliniancore/terms/NormalString;NULL;- Manzanilla Real (Artemisia granatensis Boiss.) endemic in the peaks of Sierra Nevada (Spain).;
DemographyAndThreat;Dataset:TaxonRecord;DemographyAndThreatType;0;1;http://purl.org/pliniancore/terms/DemographyAndThreat;http://purl.org/pliniancore/terms/DemographyAndThreatClass;Information concerning the demographic aspects of the species, as well as the conservation status;;
Territory;Dataset:TaxonRecord:DemographyAndThreat;TerritoryType;0;1;http://purl.org/pliniancore/terms/DemographyAndThreat/Territory;http://purl.org/pliniancore/terms/TerritoryClass;Information associated mostly to vertebrates, referring to the territorial extension of the individual or group in terms of its activities (feeding, mating, etc.);;
TerritoryAtomized;Dataset:TaxonRecord:DemographyAndThreat:Territory;TerritoryAtomizedType;1;1;http://purl.org/pliniancore/terms/Territory/TerritoryAtomized;http://purl.org/pliniancore/terms/TerritoryAtomizedClass;NULL;;
ExtentOfOccurrence;Dataset:TaxonRecord:DemographyAndThreat:Territory:TerritoryAtomized;DetailType;1;1;http://purl.org/pliniancore/terms/TerritoryAtomized/ExtentOfOccurence;http://purl.org/pliniancore/terms/DetailClass;Area contained within the shortest continuous imaginary boundary which can be drawn to encompass all the known, inferred or projected sites of present occurrence of a taxon, excluding cases of  vagrancy.;;
AreaOfoccupancy;Dataset:TaxonRecord:DemographyAndThreat:Territory:TerritoryAtomized;DetailType;1;unbounded;http://purl.org/pliniancore/terms/TerritoryAtomized/AreaOfOccupancy;http://purl.org/pliniancore/terms/DetailClass;Area within its 'extent of occurrence' (see EOO) which is occupied by a taxon, excluding cases of vagrancy. The measure reflects the fact that a taxon will not usually occur throughout the area of its extent of occurrence, which may contain unsuitable or unoccupied habitats. Reference: http://www.iucnredlist.org/technical-documents/categories-and-criteria/2001-categories-criteria#definitions;;
TerritoryUnstructured;Dataset:TaxonRecord:DemographyAndThreat:Territory;NormalString;1;1;http://purl.org/pliniancore/terms/TerritoryUnstructured;http://purl.org/pliniancore/terms/NormalString;NULL;;
PopulationBiology;Dataset:TaxonRecord:DemographyAndThreat;PopulationBiologyType;0;1;http://purl.org/pliniancore/terms/DemographyAndThreat/PopulationBiology;http://purl.org/pliniancore/terms/PopulationBiologyClass;Study of the variations in time and space as well as size and density of populations, and the factors that cause such variations. ;;
PopulationBiologyAtomized;Dataset:TaxonRecord:DemographyAndThreat:PopulationBiology;PopulationBiologyAtomizedType;1;1;http://purl.org/pliniancore/terms/PopulationBiology/PopulationBiologyAtomized;http://purl.org/pliniancore/terms/PopulationBiologyAtomizedClass;NULL;;
AbundanceData;Dataset:TaxonRecord:DemographyAndThreat:PopulationBiology:PopulationBiologyAtomized;DetailType;0;1;http://purl.org/pliniancore/terms/PopulationBiologyAtomized/AbundanceData;http://purl.org/pliniancore/terms/DetailClass;Total number of individuals of a population;;
DensityData;Dataset:TaxonRecord:DemographyAndThreat:PopulationBiology:PopulationBiologyAtomized;DetailType;0;1;http://purl.org/pliniancore/terms/PopulationBiologyAtomized/DensityData;http://purl.org/pliniancore/terms/DetailClass;Size of a population in relation to a definite unit of space ;;
PatternDistribution;Dataset:TaxonRecord:DemographyAndThreat:PopulationBiology:PopulationBiologyAtomized;NormalString;0;1;http://purl.org/pliniancore/terms/PopulationBiologyAtomized/PatternDistribution;http://purl.org/pliniancore/terms/NormalString;Controlled vocabulary: Clumped, Uniform and  Random;;
Size;Dataset:TaxonRecord:DemographyAndThreat:PopulationBiology:PopulationBiologyAtomized;DetailType;0;1;http://purl.org/pliniancore/terms/PopulationBiologyAtomized/Size;http://purl.org/pliniancore/terms/DetailClass;Estimation of the size, usually expressed as a range, of the populations of a species. (E.g. total population size is estimated between 200,000 to 400,000 ducks in its distribution area).;;
SexRatio;Dataset:TaxonRecord:DemographyAndThreat:PopulationBiology:PopulationBiologyAtomized;DetailType;0;1;http://purl.org/pliniancore/terms/PopulationBiologyAtomized/SexRatio;http://purl.org/pliniancore/terms/DetailClass;The relative number of males to females in a population ;;
Fecundity;Dataset:TaxonRecord:DemographyAndThreat:PopulationBiology:PopulationBiologyAtomized;DetailType;0;1;http://purl.org/pliniancore/terms/PopulationBiologyAtomized/Fecundity;http://purl.org/pliniancore/terms/DetailClass;"Potential ability of an organism to produce eggs or young; rate of production of young by a female ";;
MortalityRate;Dataset:TaxonRecord:DemographyAndThreat:PopulationBiology:PopulationBiologyAtomized;DetailType;0;1;http://purl.org/pliniancore/terms/PopulationBiologyAtomized/MortalityRate;http://purl.org/pliniancore/terms/DetailClass;"The probability of dying; the ratio of number dying in a given time interval to the number alive at the beginning of the time interval ";;
BirthRate;Dataset:TaxonRecord:DemographyAndThreat:PopulationBiology:PopulationBiologyAtomized;DetailType;0;1;http://purl.org/pliniancore/terms/PopulationBiologyAtomized/BirthRate;http://purl.org/pliniancore/terms/DetailClass;Production of new individuals in a population ;;
NumberIndividualsPerObservation;Dataset:TaxonRecord:DemographyAndThreat:PopulationBiology:PopulationBiologyAtomized;DetailType;0;1;http://purl.org/pliniancore/terms/PopulationBiologyAtomized/NumIndividualsPerObservation;http://purl.org/pliniancore/terms/DetailClass;In case of having census data;;
AverageDensity;Dataset:TaxonRecord:DemographyAndThreat:PopulationBiology:PopulationBiologyAtomized;DetailType;0;1;http://purl.org/pliniancore/terms/PopulationBiologyAtomized/AverageDensity;http://purl.org/pliniancore/terms/DetailClass;Average of the densities obtained for a population;;
PopulationTrend;Dataset:TaxonRecord:DemographyAndThreat:PopulationBiology:PopulationBiologyAtomized;DetailType;0;1;http://purl.org/pliniancore/terms/PopulationBiologyAtomized/PopulationTrend;http://purl.org/pliniancore/terms/DetailClass;Controlled vocabulary: Stable, Increasing and Dreasing;;
Recruiment;Dataset:TaxonRecord:DemographyAndThreat:PopulationBiology:PopulationBiologyAtomized;DetailType;0;1;http://purl.org/pliniancore/terms/PopulationBiologyAtomized/Recruitment;http://purl.org/pliniancore/terms/DetailClass;proportion of plants or animals that reach a size or age when they become less vulnerable to a change in their environment. Stage in which plants or animals can be consumed and can survive, as well as reproduce ;;
PopulationGrowthRate;Dataset:TaxonRecord:DemographyAndThreat:PopulationBiology:PopulationBiologyAtomized;DetailType;0;1;http://purl.org/pliniancore/terms/PopulationBiologyAtomized/PopulationGrowthRate;http://purl.org/pliniancore/terms/DetailClass;Rate that estimates the annual growth rate of a population based on the births, rates, emigration and immigration.;;
Emigration;Dataset:TaxonRecord:DemographyAndThreat:PopulationBiology:PopulationBiologyAtomized;DetailType;0;1;http://purl.org/pliniancore/terms/PopulationBiologyAtomized/Emigration;http://purl.org/pliniancore/terms/DetailClass;Movement of individuals outside a population, or from one area to another ;;
Immigration;Dataset:TaxonRecord:DemographyAndThreat:PopulationBiology:PopulationBiologyAtomized;DetailType;0;1;http://purl.org/pliniancore/terms/PopulationBiologyAtomized/Immigration;http://purl.org/pliniancore/terms/DetailClass;Individuals entering a population ;;
DescriptionLifeStages;Dataset:TaxonRecord:DemographyAndThreat:PopulationBiology:PopulationBiologyAtomized;DetailType;0;unbounded;http://purl.org/pliniancore/terms/PopulationBiologyAtomized/DescriptionLifeStages;http://purl.org/pliniancore/terms/DetailClass;"Sex/age categories or life stages of a species; can be size in the case of plants.";;
ProportionIndividualsPerStageLife;Dataset:TaxonRecord:DemographyAndThreat:PopulationBiology:PopulationBiologyAtomized;DetailType;0;1;http://purl.org/pliniancore/terms/PopulationBiologyAtomized/ProportionIndividualsPerStageLife;http://purl.org/pliniancore/terms/DetailClass;Percentage of individuals that belong to each life stage;;
CarryingCapacity;Dataset:TaxonRecord:DemographyAndThreat:PopulationBiology:PopulationBiologyAtomized;DetailType;0;1;http://purl.org/pliniancore/terms/PopulationBiologyAtomized/CarryingCapacity;http://purl.org/pliniancore/terms/DetailClass;Maximum population density defined by resources in the absence of predator and parasites.;;
PopulationBiologyUnstructured;Dataset:TaxonRecord:DemographyAndThreat:PopulationBiology;NormalString;1;1;http://purl.org/pliniancore/terms/PopulationBiology/PopulationBiologyUnstructured;http://purl.org/pliniancore/terms/NormalString;NULL;;
ThreatStatus;Dataset:TaxonRecord:DemographyAndThreat;ComplexType;0;unbounded;http://purl.org/pliniancore/terms/DemographyAndThreat/ThreatStatus;null;Information about the status of the taxon.;;
ThreatCategory;Dataset:TaxonRecord:DemographyAndThreat:ThreatStatus;NormalString;1;1;http://purl.org/pliniancore/terms/DemographyAndThreat/ThreatCategory;http://purl.org/pliniancore/terms/NormalString;Description of the threat status.;;
Authority;Dataset:TaxonRecord:DemographyAndThreat:ThreatStatus;NormalString;0;unbounded;http://purl.org/pliniancore/terms/DemographyAndThreat/Authority;http://purl.org/pliniancore/terms/NormalString;Organism or institution that assess the status;;
AppliesTo;Dataset:TaxonRecord:DemographyAndThreat:ThreatStatus;DistributionType;0;1;http://purl.org/pliniancore/terms/DemographyAndThreat/AppliesTo;http://purl.org/pliniancore/terms/DistributionClass;Location where the status is used.;;
DirectThreats;Dataset:TaxonRecord:DemographyAndThreat;DetailType;0;1;http://purl.org/pliniancore/terms/DemographyAndThreat/DirectThreats;http://purl.org/pliniancore/terms/DetailClass;Direct threats are the proximate human activities or processes that have caused, are causing, or may cause the destruction, degradation, and/or impairment of biodiversity targets (e.g., unsustainable fishing or logging). Direct threats are synonymous with sources of stress and proximate pressures. Threats can be past (historical), ongoing, and/or likely to occur in the future.;;
Legislation;Dataset:TaxonRecord:DemographyAndThreat;LegislationType;0;1;http://purl.org/pliniancore/terms/DemographyAndThreat/Legislation;http://purl.org/pliniancore/terms/LegislationClass;A national proposed law or group of laws. A regional proposed law or group of laws.;;
LegislationAtomized;Dataset:TaxonRecord:DemographyAndThreat:Legislation;LegislationAtomizedType;1;unbounded;http://purl.org/pliniancore/terms/Legislation/LegislationAtomized;http://purl.org/pliniancore/terms/LegislationAtomizedClass;NULL;;
LegislationName;Dataset:TaxonRecord:DemographyAndThreat:Legislation:LegislationAtomized;NormalString;1;1;http://purl.org/pliniancore/terms/LegislationAtomized/LegislationName;http://purl.org/pliniancore/terms/NormalString;Word or phrase to designate the law or group of laws;;
ProtectionLegalStatus;Dataset:TaxonRecord:DemographyAndThreat:Legislation:LegislationAtomized;NormalString;0;1;http://purl.org/pliniancore/terms/LegislationAtomized/ProtectionLegalStatus;http://purl.org/pliniancore/terms/NormalString;Description of the status.;;
LegislationUnstructured;Dataset:TaxonRecord:DemographyAndThreat:Legislation;NormalString;1;1;http://purl.org/pliniancore/terms/Legislation/LegislationUnstructured;http://purl.org/pliniancore/terms/NormalString;Enumeration of the law or group of laws in an unstructured format.;;
DemographyAndThreatUnstructured;Dataset:TaxonRecord:DemographyAndThreat;NormalString;1;1;http://purl.org/pliniancore/terms/DemographyAndThreat/DemographyandThreatUnstructured;http://purl.org/pliniancore/terms/NormalString;NULL;;
UsesManagementAndConservation;Dataset:TaxonRecord;UsesManagementAndConservationType;0;1;http://purl.org/pliniancore/terms/UsesManagementAndConservation;http://purl.org/pliniancore/terms/UsesManagementAndConservationClass;NULL;;
Uses;Dataset:TaxonRecord:UsesManagementAndConsevation;UsesType;0;1;http://purl.org/pliniancore/terms/UsesManagementAndConservation/Uses;http://purl.org/pliniancore/terms/UsesClass;NULL;;
UsesAtomized;Dataset:TaxonRecord:UsesManagementAndConsevation:Uses;UsesAtomizedType;1;unbounded;http://purl.org/pliniancore/terms/Uses/UsesAtomized;http://purl.org/pliniancore/terms/UsesAtomizedClass;NULL;;
SourceOfInformation;Dataset:TaxonRecord:UsesManagementAndConsevation:Uses:UsesAtomized;ComplexType;0;1;http://purl.org/pliniancore/terms/UsesAtomized/SourceOfInformation;null;Acc. TDWG Economic Botany;;
References;Dataset:TaxonRecord:UsesManagementAndConsevation:Uses:UsesAtomized:SourceOfInformation;tcs:ReferenceType;1;unbounded;http://purl.org;http://tdwg.napier.ac.uk/tcs_doc101/#complexType_ReferenceType_Link036FB590;NULL;;
SourceOfInformationText;Dataset:TaxonRecord:UsesManagementAndConsevation:Uses:UsesAtomized:SourceOfInformation;NormalString;1;1;http://purl.org/pliniancore/terms/UsesAtomized/SourceOfInformationText;http://purl.org/pliniancore/terms/NormalString;NULL;;
Use-Value;Dataset:TaxonRecord:UsesManagementAndConsevation:Uses:UsesAtomized;NormalString;0;1;http://purl.org/pliniancore/terms/UsesAtomized/UseValue;http://purl.org/pliniancore/terms/NormalString;Acc. TDWG Economic Botany;;
PartUsed;Dataset:TaxonRecord:UsesManagementAndConsevation:Uses:UsesAtomized;NormalString;0;1;http://purl.org/pliniancore/terms/UsesAtomized/PartUsed;http://purl.org/pliniancore/terms/NormalString;Acc. TDWG Economic Botany;;
Users;Dataset:TaxonRecord:UsesManagementAndConsevation:Uses:UsesAtomized;NormalString;0;1;http://purl.org/pliniancore/terms/UsesAtomized/Users;http://purl.org/pliniancore/terms/NormalString;Acc. TDWG Economic Botany;;
VernacularNameUseAnnotations;Dataset:TaxonRecord:UsesManagementAndConsevation:Uses:UsesAtomized;NormalString;0;1;http://purl.org/pliniancore/terms/UsesAtomized/VernacularNameUseAnnotations;http://purl.org/pliniancore/terms/NormalString;Acc. TDWG Economic Botany. The name of the taxon should be distinguished from part5 names. Name may be restricted to a time of the year or occasion, or have sacred connotations;;
ProductionDetails;Dataset:TaxonRecord:UsesManagementAndConsevation:Uses:UsesAtomized;NormalString;0;1;http://purl.org/pliniancore/terms/UsesAtomized/ProductionDetails;http://purl.org/pliniancore/terms/NormalString;Acc. TDWG Economic Botany;;
MeansOfApplication-Administration;Dataset:TaxonRecord:UsesManagementAndConsevation:Uses:UsesAtomized;NormalString;0;1;http://purl.org/pliniancore/terms/UsesAtomized/MeansOfApplicationAdministration;http://purl.org/pliniancore/terms/NormalString;Acc. TDWG Economic Botany;;
SeasonOfAvailability-Use;Dataset:TaxonRecord:UsesManagementAndConsevation:Uses:UsesAtomized;NormalString;0;1;http://purl.org/pliniancore/terms/UsesAtomized/SeasonOfAvailabilityUse;http://purl.org/pliniancore/terms/NormalString;Acc. TDWG Economic Botany;;
Conservation-ExplotationData;Dataset:TaxonRecord:UsesManagementAndConsevation:Uses:UsesAtomized;NormalString;0;1;http://purl.org/pliniancore/terms/UsesAtomized/ConservationExplotationData;http://purl.org/pliniancore/terms/NormalString;Acc. TDWG Economic Botany;;
UseTypeAtomized;Dataset:TaxonRecord:UsesManagementAndConsevation:Uses:UsesAtomized;NormalString;0;1;http://purl.org/pliniancore/terms/UsesAtomized/UseType;http://purl.org/pliniancore/terms/NormalString;"Acc. TDWG Economic Botany. traditional, industrial; past, current, possible";;
RatingPopularity;Dataset:TaxonRecord:UsesManagementAndConsevation:Uses:UsesAtomized;NormalString;0;1;http://purl.org/pliniancore/terms/UsesAtomized/RatingPopularity;http://purl.org/pliniancore/terms/NormalString;Acc. TDWG Economic Botany;;
Properties;Dataset:TaxonRecord:UsesManagementAndConsevation:Uses:UsesAtomized;NormalString;0;1;http://purl.org/pliniancore/terms/UsesAtomized/Properties;http://purl.org/pliniancore/terms/NormalString;Acc. TDWG Economic Botany;;
Problems;Dataset:TaxonRecord:UsesManagementAndConsevation:Uses:UsesAtomized;NormalString;0;1;http://purl.org/pliniancore/terms/UsesAtomized/Problems;http://purl.org/pliniancore/terms/NormalString;Acc. TDWG Economic Botany;;
Potentials;Dataset:TaxonRecord:UsesManagementAndConsevation:Uses:UsesAtomized;NormalString;0;1;http://purl.org/pliniancore/terms/UsesAtomized/Potential;http://purl.org/pliniancore/terms/NormalString;Acc. TDWG Economic Botany;;
UseNotes;Dataset:TaxonRecord:UsesManagementAndConsevation:Uses:UsesAtomized;NormalString;0;1;http://purl.org/pliniancore/terms/UsesAtomized/UseNotes;http://purl.org/pliniancore/terms/NormalString;NULL;;
Folklore;Dataset:TaxonRecord:UsesManagementAndConsevation;FolkloreType;0;1;http://purl.org/pliniancore/terms/UsesManagementAndConservation/Folklore;http://purl.org/pliniancore/terms/FolkloreClass;Known myths or legends that people or literature contribute about the species.;;
FolkloreAtomized;Dataset:TaxonRecord:UsesManagementAndConsevation:Folklore;FolkloreAtomizedType;1;unbounded;http://purl.org/pliniancore/terms/Folklore/FolkoreAtomized;http://purl.org/pliniancore/terms/DetailClass;NULL;;
FolkloreUnstructured;Dataset:TaxonRecord:UsesManagementAndConsevation:Folklore;NormalString;1;1;http://purl.org/pliniancore/terms/Folklore/FolkoreUnstructured;http://purl.org/pliniancore/terms/NormalString;NULL;;
ManagementAndConservation;Dataset:TaxonRecord:UsesManagementAndConsevation;ManagementType;0;1;http://purl.org/pliniancore/terms/UsesManagementAndConservation/ManagementAndConservation;http://purl.org/pliniancore/terms/ManagementClass;NULL;;
ManagementAtomized;Dataset:TaxonRecord:UsesManagementAndConsevation:ManagementAndConservation;ManagementAtomizedType;1;unbounded;http://purl.org/pliniancore/terms/ManagementAndConservation/ManagementAtomized;http://purl.org/pliniancore/terms/ManagementAtomizedClass;NULL;;
type;Dataset:TaxonRecord:UsesManagementAndConsevation:ManagementAndConservation:ManagementAtomized;NormalString;0;1;http://purl.org/pliniancore/terms/ManagementAtomized/type;http://purl.org/pliniancore/terms/NormalString;NULL;;
Objetives;Dataset:TaxonRecord:UsesManagementAndConsevation:ManagementAndConservation:ManagementAtomized;NormalString;0;1;http://purl.org/pliniancore/terms/ManagementAtomized/Objectives;http://purl.org/pliniancore/terms/NormalString;NULL;;
Actions;Dataset:TaxonRecord:UsesManagementAndConsevation:ManagementAndConservation:ManagementAtomized;ComplexType;1;1;http://purl.org/pliniancore/terms/ManagementAtomized/Actions;null;Actions are interventions undertaken to reach ultimate conservation goals (e.g., setting up a protected area or species population recovery).;;
type;Dataset:TaxonRecord:UsesManagementAndConsevation:ManagementAndConservation:ManagementAtomized:Actions;NormalString;0;1;http://purl.org/pliniancore/terms/ManagementAtomized/Actions;http://purl.org/pliniancore/terms/NormalString;NULL;;
ManagementPlan;Dataset:TaxonRecord:UsesManagementAndConsevation:ManagementAndConservation:ManagementAtomized;NormalString;1;1;http://purl.org/pliniancore/terms/ManagementAtomized/ManagementPlan;http://purl.org/pliniancore/terms/NormalString;NULL;;
EnvironmentalImpact;Dataset:TaxonRecord:UsesManagementAndConsevation:ManagementAndConservation:ManagementAtomized;NormalString;0;1;http://purl.org/pliniancore/terms/ManagementAtomized/EnvironmentalImpact;http://purl.org/pliniancore/terms/NormalString;NULL;;
ManagementUnstructured;Dataset:TaxonRecord:UsesManagementAndConsevation:ManagementAndConservation;NormalString;1;1;http://purl.org/pliniancore/terms/ManagementAndConservation/ManagementUnstructured;http://purl.org/pliniancore/terms/NormalString;NULL;;
References;Dataset:TaxonRecord;tcs:ReferenceType;0;unbounded;http://purl.org;http://tdwg.napier.ac.uk/tcs_doc101/#complexType_ReferenceType_Link036FB590;NULL;;
AncillaryData;Dataset:TaxonRecord;eol:DataObjectBaseType;0;unbounded;http://purl.org;http://purl.org;From EoL;;
